<?xml version="1.0" encoding="UTF-8"?>
<jcr:root xmlns:sling="http://sling.apache.org/jcr/sling/1.0" xmlns:cq="http://www.day.com/jcr/cq/1.0" xmlns:jcr="http://www.jcp.org/jcr/1.0" xmlns:nt="http://www.jcp.org/jcr/nt/1.0"
    jcr:primaryType="nt:unstructured"
    jcr:title="Text"
    sling:resourceType="cq/gui/components/authoring/dialog"
    helpPath="https://www.adobe.com/go/aem6_3_docs_component_en#Text - HTL">
    <content
        jcr:primaryType="nt:unstructured"
        sling:resourceType="granite/ui/components/foundation/container">
        <layout
            jcr:primaryType="nt:unstructured"
            sling:resourceType="granite/ui/components/foundation/layouts/fixedcolumns"
            margin="{Boolean}false"
            type="nav"/>
        <items jcr:primaryType="nt:unstructured">
            <column
                jcr:primaryType="nt:unstructured"
                sling:resourceType="granite/ui/components/foundation/container">
                <items jcr:primaryType="nt:unstructured">
                    <componentstyles
                        jcr:primaryType="nt:unstructured"
                        sling:resourceType="cq/gui/components/authoring/dialog/componentstyles"
                        name="./cq:cssClass"/>
                    <picker
                        jcr:primaryType="nt:unstructured"
                        sling:resourceType="granite/ui/components/foundation/form/colorpicker"
                        classicPaletteType="{Boolean}true"
                        editType="{Boolean}true"
                        fieldLabel="Text Color"
                        name="./textColor">
                        <colors
                            jcr:primaryType="nt:unstructured"
                            fieldLabel="color">
                            <red
                                jcr:primaryType="nt:unstructured"
                                name="Red"
                                value="#FF0000"/>
                            <green
                                jcr:primaryType="nt:unstructured"
                                name="Green"
                                value="#00FF00"/>
                            <blue
                                jcr:primaryType="nt:unstructured"
                                name="Blue"
                                value="#0000FF"/>
                            <black
                                jcr:primaryType="nt:unstructured"
                                name="Black"
                                value="#000000"/>
                            <brown
                                jcr:primaryType="nt:unstructured"
                                name="Brown"
                                value="#996633"/>
                            <orange
                                jcr:primaryType="nt:unstructured"
                                name="Orange"
                                value="#FF7F00"/>
                            <purple
                                jcr:primaryType="nt:unstructured"
                                name="Purple"
                                value="#7F007F"/>
                            <yellow
                                jcr:primaryType="nt:unstructured"
                                name="Yello"
                                value="#FFFF00"/>
                        </colors>
                    </picker>
                </items>
            </column>
        </items>
    </content>
</jcr:root>
