<?xml version="1.0" encoding="UTF-8"?>
<jcr:root xmlns:sling="http://sling.apache.org/jcr/sling/1.0" xmlns:cq="http://www.day.com/jcr/cq/1.0" xmlns:jcr="http://www.jcp.org/jcr/1.0" xmlns:nt="http://www.jcp.org/jcr/nt/1.0"
    jcr:primaryType="cq:Page">
    <jcr:content
        cq:designPath="/etc/designs/call-center"
        cq:lastModified="{Date}2017-03-20T16:28:20.254-06:00"
        cq:lastModifiedBy="admin"
        cq:template="/apps/call-center/templates/site-root"
        jcr:primaryType="cq:PageContent"
        jcr:title="call-center"
        sling:resourceType="call-center/components/page/base"/>
    <schema jcr:primaryType="nt:unstructured">
        <employee_schema jcr:primaryType="nt:unstructured">
            <_x0031_366
                jcr:primaryType="nt:unstructured"
                email_id="manigandan.krishnakumar@siriuscom.com"
                employee_id="1366"
                employee_name="Manigandan Krishnakumar"/>
            <_x0031_359
                jcr:primaryType="nt:unstructured"
                email_id="soundarya.sivaraman@siriuscom.com"
                employee_id="1359"
                employee_name="Soundarya Sivaraman"/>
            <_x0031_361
                jcr:primaryType="nt:unstructured"
                email_id="deepak.asaithambi@siriuscom.com"
                employee_id="1361"
                employee_name="Deepak Asaithambi"/>
            <_x0031_362
                jcr:primaryType="nt:unstructured"
                email_id="akshaya.venkatesh@siriuscom.com"
                employee_id="1366"
                employee_name="Akshaya Venkatesh"/>
        </employee_schema>
        <team_schema jcr:primaryType="nt:unstructured">
            <scorchers
                jcr:primaryType="nt:unstructured"
                team_name="scorchers">
                <players_list jcr:primaryType="nt:unstructured">
                    <_x0031_366
                        jcr:primaryType="nt:unstructured"
                        email_id="manigandan.krishnakumar@siriuscom.com"
                        employee_id="1366"
                        employee_name="Manigandan Krishnakumar"/>
                    <_x0031_359
                        jcr:primaryType="nt:unstructured"
                        email_id="soundarya.sivaraman@siriuscom.com"
                        employee_id="1359"
                        employee_name="Soundarya Sivaraman"/>
                    <_x0031_361
                        jcr:primaryType="nt:unstructured"
                        email_id="deepak.asaithambi@siriuscom.com"
                        employee_id="1361"
                        employee_name="Deepak Asaithambi"/>
                    <_x0031_362
                        jcr:primaryType="nt:unstructured"
                        email_id="akshaya.venkatesh@siriuscom.com"
                        employee_id="1366"
                        employee_name="Akshaya Venkatesh"/>
                </players_list>
            </scorchers>
            <strikers
                jcr:primaryType="nt:unstructured"
                team_id="2"
                team_name="strikers">
                <players_list jcr:primaryType="nt:unstructured">
                    <_x0031_366
                        jcr:primaryType="nt:unstructured"
                        email_id="manigandan.krishnakumar@siriuscom.com"
                        employee_id="1366"
                        employee_name="Manigandan Krishnakumar"/>
                    <_x0031_359
                        jcr:primaryType="nt:unstructured"
                        email_id="soundarya.sivaraman@siriuscom.com"
                        employee_id="1359"
                        employee_name="Soundarya Sivaraman"/>
                    <_x0031_361
                        jcr:primaryType="nt:unstructured"
                        email_id="deepak.asaithambi@siriuscom.com"
                        employee_id="1361"
                        employee_name="Deepak Asaithambi"/>
                    <_x0031_362
                        jcr:primaryType="nt:unstructured"
                        email_id="akshaya.venkatesh@siriuscom.com"
                        employee_id="1366"
                        employee_name="Akshaya Venkatesh"/>
                </players_list>
            </strikers>
            <hurricanes
                jcr:primaryType="nt:unstructured"
                team_id="3"
                team_name="hurricanes">
                <players_list jcr:primaryType="nt:unstructured">
                    <_x0031_366
                        jcr:primaryType="nt:unstructured"
                        email_id="manigandan.krishnakumar@siriuscom.com"
                        employee_id="1366"
                        employee_name="Manigandan Krishnakumar"/>
                    <_x0031_359
                        jcr:primaryType="nt:unstructured"
                        email_id="soundarya.sivaraman@siriuscom.com"
                        employee_id="1359"
                        employee_name="Soundarya Sivaraman"/>
                    <_x0031_361
                        jcr:primaryType="nt:unstructured"
                        email_id="deepak.asaithambi@siriuscom.com"
                        employee_id="1361"
                        employee_name="Deepak Asaithambi"/>
                    <_x0031_362
                        jcr:primaryType="nt:unstructured"
                        email_id="akshaya.venkatesh@siriuscom.com"
                        employee_id="1366"
                        employee_name="Akshaya Venkatesh"/>
                </players_list>
            </hurricanes>
            <superstars
                jcr:primaryType="nt:unstructured"
                team_id="4"
                team_name="superstars">
                <players_list jcr:primaryType="nt:unstructured">
                    <_x0031_366
                        jcr:primaryType="nt:unstructured"
                        email_id="manigandan.krishnakumar@siriuscom.com"
                        employee_id="1366"
                        employee_name="Manigandan Krishnakumar"/>
                    <_x0031_359
                        jcr:primaryType="nt:unstructured"
                        email_id="soundarya.sivaraman@siriuscom.com"
                        employee_id="1359"
                        employee_name="Soundarya Sivaraman"/>
                    <_x0031_361
                        jcr:primaryType="nt:unstructured"
                        email_id="deepak.asaithambi@siriuscom.com"
                        employee_id="1361"
                        employee_name="Deepak Asaithambi"/>
                    <_x0031_362
                        jcr:primaryType="nt:unstructured"
                        email_id="akshaya.venkatesh@siriuscom.com"
                        employee_id="1366"
                        employee_name="Akshaya Venkatesh"/>
                </players_list>
            </superstars>
        </team_schema>
        <match_schema jcr:primaryType="nt:unstructured">
            <match_1
                jcr:primaryType="nt:unstructured"
                match_desc="Second Quarter SSL league Match"
                time_stamp="{Date}2018-08-13T18:00:57.178+05:30">
                <playing_teams jcr:primaryType="nt:unstructured">
                    <scorchers
                        jcr:primaryType="nt:unstructured"
                        team_name="scorchers">
                        <players_list jcr:primaryType="nt:unstructured">
                            <_x0031_366
                                jcr:primaryType="nt:unstructured"
                                batting_order="{Long}1"
                                email_id="manigandan.krishnakumar@siriuscom.com"
                                employee_id="1366"
                                employee_name="Manigandan Krishnakumar"
                                is_over_completed="{Boolean}true">
                                <current_batsman
                                    jcr:primaryType="nt:unstructured"
                                    is_batting="{Boolean}true"/>
                                <batting_status
                                    jcr:primaryType="nt:unstructured"
                                    balls="{Long}5"
                                    fours="{Long}4"
                                    no_of_outs="{Long}2"
                                    ones="{Long}2"
                                    score="{Long}23"
                                    threes="{Long}6"/>
                                <bowling_status
                                    jcr:primaryType="nt:unstructured"
                                    economy="{Decimal}4.32"
                                    overs="{Long}2"
                                    runs="{Long}32"
                                    wickets="{Long}4"/>
                            </_x0031_366>
                            <_x0031_359
                                jcr:primaryType="nt:unstructured"
                                batting_order="{Long}2"
                                email_id="soundarya.sivaraman@siriuscom.com"
                                employee_id="1359"
                                employee_name="Soundarya Sivaraman">
                                <batting_status
                                    jcr:primaryType="nt:unstructured"
                                    balls="{Long}5"
                                    fours="{Long}4"
                                    no_of_outs="{Long}2"
                                    ones="{Long}2"
                                    score="{Long}23"
                                    threes="{Long}6"/>
                                <bowling_status
                                    jcr:primaryType="nt:unstructured"
                                    economy="{Decimal}4.32"
                                    overs="{Long}2"
                                    runs="{Long}32"
                                    wickets="{Long}4"/>
                            </_x0031_359>
                            <_x0031_361
                                jcr:primaryType="nt:unstructured"
                                batting_order="{Long}3"
                                email_id="deepak.asaithambi@siriuscom.com"
                                employee_id="1361"
                                employee_name="Deepak Asaithambi">
                                <batting_status
                                    jcr:primaryType="nt:unstructured"
                                    balls="{Long}5"
                                    fours="{Long}4"
                                    no_of_outs="{Long}2"
                                    ones="{Long}2"
                                    score="{Long}23"
                                    threes="{Long}6"/>
                                <bowling_status
                                    jcr:primaryType="nt:unstructured"
                                    economy="{Decimal}4.32"
                                    overs="{Long}2"
                                    runs="{Long}32"
                                    wickets="{Long}4"/>
                            </_x0031_361>
                            <_x0031_362
                                jcr:primaryType="nt:unstructured"
                                batting_order="{Long}4"
                                email_id="akshaya.venkatesh@siriuscom.com"
                                employee_id="1366"
                                employee_name="Akshaya Venkatesh">
                                <batting_status
                                    jcr:primaryType="nt:unstructured"
                                    balls="{Long}5"
                                    fours="{Long}4"
                                    no_of_outs="{Long}2"
                                    ones="{Long}2"
                                    score="{Long}23"
                                    threes="{Long}6"/>
                                <bowling_status
                                    jcr:primaryType="nt:unstructured"
                                    economy="{Decimal}4.32"
                                    overs="{Long}2"
                                    runs="{Long}32"
                                    wickets="{Long}4"/>
                            </_x0031_362>
                        </players_list>
                        <overs jcr:primaryType="nt:unstructured">
                            <over_1
                                jcr:primaryType="nt:unstructured"
                                bowler_name="Manigandan Krishnakumar">
                                <ball_1
                                    jcr:primaryType="nt:unstructured"
                                    desc="no ball"/>
                                <ball_2
                                    jcr:primaryType="nt:unstructured"
                                    desc="no ball"
                                    runs="{Long}1"/>
                                <ball_3
                                    jcr:primaryType="nt:unstructured"
                                    desc="no ball"
                                    runs="{Long}1"/>
                                <ball_4
                                    jcr:primaryType="nt:unstructured"
                                    desc="no ball"
                                    runs="{Long}1"/>
                                <ball_5
                                    jcr:primaryType="nt:unstructured"
                                    desc="no ball"
                                    runs="{Long}1"/>
                                <ball_6
                                    jcr:primaryType="nt:unstructured"
                                    desc="no ball"
                                    runs="{Long}1"/>
                            </over_1>
                            <over_2
                                jcr:primaryType="nt:unstructured"
                                bowler_name="Manigandan Krishnakumar">
                                <ball_1
                                    jcr:primaryType="nt:unstructured"
                                    desc="no ball"/>
                                <ball_2
                                    jcr:primaryType="nt:unstructured"
                                    desc="no ball"
                                    runs="{Long}1"/>
                                <ball_3
                                    jcr:primaryType="nt:unstructured"
                                    desc="no ball"
                                    runs="{Long}1"/>
                                <ball_4
                                    jcr:primaryType="nt:unstructured"
                                    desc="no ball"
                                    runs="{Long}1"/>
                                <ball_5
                                    jcr:primaryType="nt:unstructured"
                                    desc="no ball"
                                    runs="{Long}1"/>
                                <ball_6
                                    jcr:primaryType="nt:unstructured"
                                    desc="no ball"
                                    runs="{Long}1"/>
                            </over_2>
                            <over_3
                                jcr:primaryType="nt:unstructured"
                                bowler_name="Manigandan Krishnakumar">
                                <ball_1
                                    jcr:primaryType="nt:unstructured"
                                    desc="no ball"/>
                                <ball_2
                                    jcr:primaryType="nt:unstructured"
                                    desc="no ball"
                                    runs="{Long}1"/>
                                <ball_3
                                    jcr:primaryType="nt:unstructured"
                                    desc="no ball"
                                    runs="{Long}1"/>
                                <ball_4
                                    jcr:primaryType="nt:unstructured"
                                    desc="no ball"
                                    runs="{Long}1"/>
                                <ball_5
                                    jcr:primaryType="nt:unstructured"
                                    desc="no ball"
                                    runs="{Long}1"/>
                                <ball_6
                                    jcr:primaryType="nt:unstructured"
                                    desc="no ball"
                                    runs="{Long}1"/>
                            </over_3>
                            <over_4
                                jcr:primaryType="nt:unstructured"
                                bowler_name="Manigandan Krishnakumar">
                                <ball_1
                                    jcr:primaryType="nt:unstructured"
                                    desc="no ball"/>
                                <ball_2
                                    jcr:primaryType="nt:unstructured"
                                    desc="no ball"
                                    runs="{Long}1"/>
                                <ball_3
                                    jcr:primaryType="nt:unstructured"
                                    desc="no ball"
                                    runs="{Long}1"/>
                                <ball_4
                                    jcr:primaryType="nt:unstructured"
                                    desc="no ball"
                                    runs="{Long}1"/>
                                <ball_5
                                    jcr:primaryType="nt:unstructured"
                                    desc="no ball"
                                    runs="{Long}1"/>
                                <ball_6
                                    jcr:primaryType="nt:unstructured"
                                    desc="no ball"
                                    runs="{Long}1"/>
                            </over_4>
                            <over_5
                                jcr:primaryType="nt:unstructured"
                                bowler_name="Manigandan Krishnakumar">
                                <ball_1
                                    jcr:primaryType="nt:unstructured"
                                    desc="no ball"/>
                                <ball_2
                                    jcr:primaryType="nt:unstructured"
                                    desc="no ball"
                                    runs="{Long}1"/>
                                <ball_3
                                    jcr:primaryType="nt:unstructured"
                                    desc="no ball"
                                    runs="{Long}1"/>
                                <ball_4
                                    jcr:primaryType="nt:unstructured"
                                    desc="no ball"
                                    runs="{Long}1"/>
                                <ball_5
                                    jcr:primaryType="nt:unstructured"
                                    desc="no ball"
                                    runs="{Long}1"/>
                                <ball_6
                                    jcr:primaryType="nt:unstructured"
                                    desc="no ball"
                                    runs="{Long}1"/>
                            </over_5>
                            <over_6
                                jcr:primaryType="nt:unstructured"
                                bowler_name="Manigandan Krishnakumar">
                                <ball_1
                                    jcr:primaryType="nt:unstructured"
                                    desc="no ball"/>
                                <ball_2
                                    jcr:primaryType="nt:unstructured"
                                    desc="no ball"
                                    runs="{Long}1"/>
                                <ball_3
                                    jcr:primaryType="nt:unstructured"
                                    desc="no ball"
                                    runs="{Long}1"/>
                                <ball_4
                                    jcr:primaryType="nt:unstructured"
                                    desc="no ball"
                                    runs="{Long}1"/>
                                <ball_5
                                    jcr:primaryType="nt:unstructured"
                                    desc="no ball"
                                    runs="{Long}1"/>
                                <ball_6
                                    jcr:primaryType="nt:unstructured"
                                    desc="no ball"
                                    runs="{Long}1"/>
                            </over_6>
                            <over_7
                                jcr:primaryType="nt:unstructured"
                                bowler_name="Manigandan Krishnakumar">
                                <ball_1
                                    jcr:primaryType="nt:unstructured"
                                    desc="no ball"/>
                                <ball_2
                                    jcr:primaryType="nt:unstructured"
                                    desc="no ball"
                                    runs="{Long}1"/>
                                <ball_3
                                    jcr:primaryType="nt:unstructured"
                                    desc="no ball"
                                    runs="{Long}1"/>
                                <ball_4
                                    jcr:primaryType="nt:unstructured"
                                    desc="no ball"
                                    runs="{Long}1"/>
                                <ball_5
                                    jcr:primaryType="nt:unstructured"
                                    desc="no ball"
                                    runs="{Long}1"/>
                                <ball_6
                                    jcr:primaryType="nt:unstructured"
                                    desc="no ball"
                                    runs="{Long}1"/>
                            </over_7>
                            <over_8
                                jcr:primaryType="nt:unstructured"
                                bowler_name="Manigandan Krishnakumar">
                                <ball_1
                                    jcr:primaryType="nt:unstructured"
                                    desc="no ball"/>
                                <ball_2
                                    jcr:primaryType="nt:unstructured"
                                    desc="no ball"
                                    runs="{Long}1"/>
                                <ball_3
                                    jcr:primaryType="nt:unstructured"
                                    desc="no ball"
                                    runs="{Long}1"/>
                                <ball_4
                                    jcr:primaryType="nt:unstructured"
                                    desc="no ball"
                                    runs="{Long}1"/>
                                <ball_5
                                    jcr:primaryType="nt:unstructured"
                                    desc="no ball"
                                    runs="{Long}1"/>
                                <ball_6
                                    jcr:primaryType="nt:unstructured"
                                    desc="no ball"
                                    runs="{Long}1"/>
                            </over_8>
                            <over_9
                                jcr:primaryType="nt:unstructured"
                                bowler_name="Manigandan Krishnakumar">
                                <ball_1
                                    jcr:primaryType="nt:unstructured"
                                    desc="no ball"/>
                                <ball_2
                                    jcr:primaryType="nt:unstructured"
                                    desc="no ball"
                                    runs="{Long}1"/>
                                <ball_3
                                    jcr:primaryType="nt:unstructured"
                                    desc="no ball"
                                    runs="{Long}1"/>
                                <ball_4
                                    jcr:primaryType="nt:unstructured"
                                    desc="no ball"
                                    runs="{Long}1"/>
                                <ball_5
                                    jcr:primaryType="nt:unstructured"
                                    desc="no ball"
                                    runs="{Long}1"/>
                                <ball_6
                                    jcr:primaryType="nt:unstructured"
                                    desc="no ball"
                                    runs="{Long}1"/>
                            </over_9>
                            <over_10
                                jcr:primaryType="nt:unstructured"
                                bowler_name="Manigandan Krishnakumar">
                                <ball_1
                                    jcr:primaryType="nt:unstructured"
                                    desc="no ball"/>
                                <ball_2
                                    jcr:primaryType="nt:unstructured"
                                    desc="no ball"
                                    runs="{Long}1"/>
                                <ball_3
                                    jcr:primaryType="nt:unstructured"
                                    desc="no ball"
                                    runs="{Long}1"/>
                                <ball_4
                                    jcr:primaryType="nt:unstructured"
                                    desc="no ball"
                                    runs="{Long}1"/>
                                <ball_5
                                    jcr:primaryType="nt:unstructured"
                                    desc="no ball"
                                    runs="{Long}1"/>
                                <ball_6
                                    jcr:primaryType="nt:unstructured"
                                    desc="no ball"
                                    runs="{Long}1"/>
                            </over_10>
                        </overs>
                    </scorchers>
                    <strikers
                        jcr:primaryType="nt:unstructured"
                        team_id="2"
                        team_name="strikers">
                        <players_list jcr:primaryType="nt:unstructured">
                            <_x0031_366
                                jcr:primaryType="nt:unstructured"
                                batting_order="{Long}1"
                                email_id="manigandan.krishnakumar@siriuscom.com"
                                employee_id="1366"
                                employee_name="Manigandan Krishnakumar"
                                is_over_completed="{Boolean}true">
                                <current_batsman
                                    jcr:primaryType="nt:unstructured"
                                    is_batting="{Boolean}true"/>
                                <batting_status
                                    jcr:primaryType="nt:unstructured"
                                    balls="{Long}5"
                                    fours="{Long}4"
                                    no_of_outs="{Long}2"
                                    ones="{Long}2"
                                    score="{Long}23"
                                    threes="{Long}6"/>
                                <bowling_status
                                    jcr:primaryType="nt:unstructured"
                                    economy="{Decimal}4.32"
                                    overs="{Long}2"
                                    runs="{Long}32"
                                    wickets="{Long}4"/>
                            </_x0031_366>
                            <_x0031_359
                                jcr:primaryType="nt:unstructured"
                                batting_order="{Long}2"
                                email_id="soundarya.sivaraman@siriuscom.com"
                                employee_id="1359"
                                employee_name="Soundarya Sivaraman">
                                <batting_status
                                    jcr:primaryType="nt:unstructured"
                                    balls="{Long}5"
                                    fours="{Long}4"
                                    no_of_outs="{Long}2"
                                    ones="{Long}2"
                                    score="{Long}23"
                                    threes="{Long}6"/>
                                <bowling_status
                                    jcr:primaryType="nt:unstructured"
                                    economy="{Decimal}4.32"
                                    overs="{Long}2"
                                    runs="{Long}32"
                                    wickets="{Long}4"/>
                            </_x0031_359>
                            <_x0031_361
                                jcr:primaryType="nt:unstructured"
                                batting_order="{Long}3"
                                email_id="deepak.asaithambi@siriuscom.com"
                                employee_id="1361"
                                employee_name="Deepak Asaithambi">
                                <batting_status
                                    jcr:primaryType="nt:unstructured"
                                    balls="{Long}5"
                                    fours="{Long}4"
                                    no_of_outs="{Long}2"
                                    ones="{Long}2"
                                    score="{Long}23"
                                    threes="{Long}6"/>
                                <bowling_status
                                    jcr:primaryType="nt:unstructured"
                                    economy="{Decimal}4.32"
                                    overs="{Long}2"
                                    runs="{Long}32"
                                    wickets="{Long}4"/>
                            </_x0031_361>
                            <_x0031_362
                                jcr:primaryType="nt:unstructured"
                                batting_order="{Long}4"
                                email_id="akshaya.venkatesh@siriuscom.com"
                                employee_id="1366"
                                employee_name="Akshaya Venkatesh">
                                <batting_status
                                    jcr:primaryType="nt:unstructured"
                                    balls="{Long}5"
                                    fours="{Long}4"
                                    no_of_outs="{Long}2"
                                    ones="{Long}2"
                                    score="{Long}23"
                                    threes="{Long}6"/>
                                <bowling_status
                                    jcr:primaryType="nt:unstructured"
                                    economy="{Decimal}4.32"
                                    overs="{Long}2"
                                    runs="{Long}32"
                                    wickets="{Long}4"/>
                            </_x0031_362>
                        </players_list>
                        <overs jcr:primaryType="nt:unstructured">
                            <over_1
                                jcr:primaryType="nt:unstructured"
                                bowler_name="Manigandan Krishnakumar">
                                <ball_1
                                    jcr:primaryType="nt:unstructured"
                                    desc="no ball"/>
                                <ball_2
                                    jcr:primaryType="nt:unstructured"
                                    desc="no ball"
                                    runs="{Long}1"/>
                                <ball_3
                                    jcr:primaryType="nt:unstructured"
                                    desc="no ball"
                                    runs="{Long}1"/>
                                <ball_4
                                    jcr:primaryType="nt:unstructured"
                                    desc="no ball"
                                    runs="{Long}1"/>
                                <ball_5
                                    jcr:primaryType="nt:unstructured"
                                    desc="no ball"
                                    runs="{Long}1"/>
                                <ball_6
                                    jcr:primaryType="nt:unstructured"
                                    desc="no ball"
                                    runs="{Long}1"/>
                            </over_1>
                            <over_2
                                jcr:primaryType="nt:unstructured"
                                bowler_name="Manigandan Krishnakumar">
                                <ball_1
                                    jcr:primaryType="nt:unstructured"
                                    desc="no ball"/>
                                <ball_2
                                    jcr:primaryType="nt:unstructured"
                                    desc="no ball"
                                    runs="{Long}1"/>
                                <ball_3
                                    jcr:primaryType="nt:unstructured"
                                    desc="no ball"
                                    runs="{Long}1"/>
                                <ball_4
                                    jcr:primaryType="nt:unstructured"
                                    desc="no ball"
                                    runs="{Long}1"/>
                                <ball_5
                                    jcr:primaryType="nt:unstructured"
                                    desc="no ball"
                                    runs="{Long}1"/>
                                <ball_6
                                    jcr:primaryType="nt:unstructured"
                                    desc="no ball"
                                    runs="{Long}1"/>
                            </over_2>
                            <over_3
                                jcr:primaryType="nt:unstructured"
                                bowler_name="Manigandan Krishnakumar">
                                <ball_1
                                    jcr:primaryType="nt:unstructured"
                                    desc="no ball"/>
                                <ball_2
                                    jcr:primaryType="nt:unstructured"
                                    desc="no ball"
                                    runs="{Long}1"/>
                                <ball_3
                                    jcr:primaryType="nt:unstructured"
                                    desc="no ball"
                                    runs="{Long}1"/>
                                <ball_4
                                    jcr:primaryType="nt:unstructured"
                                    desc="no ball"
                                    runs="{Long}1"/>
                                <ball_5
                                    jcr:primaryType="nt:unstructured"
                                    desc="no ball"
                                    runs="{Long}1"/>
                                <ball_6
                                    jcr:primaryType="nt:unstructured"
                                    desc="no ball"
                                    runs="{Long}1"/>
                            </over_3>
                            <over_4
                                jcr:primaryType="nt:unstructured"
                                bowler_name="Manigandan Krishnakumar">
                                <ball_1
                                    jcr:primaryType="nt:unstructured"
                                    desc="no ball"/>
                                <ball_2
                                    jcr:primaryType="nt:unstructured"
                                    desc="no ball"
                                    runs="{Long}1"/>
                                <ball_3
                                    jcr:primaryType="nt:unstructured"
                                    desc="no ball"
                                    runs="{Long}1"/>
                                <ball_4
                                    jcr:primaryType="nt:unstructured"
                                    desc="no ball"
                                    runs="{Long}1"/>
                                <ball_5
                                    jcr:primaryType="nt:unstructured"
                                    desc="no ball"
                                    runs="{Long}1"/>
                                <ball_6
                                    jcr:primaryType="nt:unstructured"
                                    desc="no ball"
                                    runs="{Long}1"/>
                            </over_4>
                            <over_5
                                jcr:primaryType="nt:unstructured"
                                bowler_name="Manigandan Krishnakumar">
                                <ball_1
                                    jcr:primaryType="nt:unstructured"
                                    desc="no ball"/>
                                <ball_2
                                    jcr:primaryType="nt:unstructured"
                                    desc="no ball"
                                    runs="{Long}1"/>
                                <ball_3
                                    jcr:primaryType="nt:unstructured"
                                    desc="no ball"
                                    runs="{Long}1"/>
                                <ball_4
                                    jcr:primaryType="nt:unstructured"
                                    desc="no ball"
                                    runs="{Long}1"/>
                                <ball_5
                                    jcr:primaryType="nt:unstructured"
                                    desc="no ball"
                                    runs="{Long}1"/>
                                <ball_6
                                    jcr:primaryType="nt:unstructured"
                                    desc="no ball"
                                    runs="{Long}1"/>
                            </over_5>
                            <over_6
                                jcr:primaryType="nt:unstructured"
                                bowler_name="Manigandan Krishnakumar">
                                <ball_1
                                    jcr:primaryType="nt:unstructured"
                                    desc="no ball"/>
                                <ball_2
                                    jcr:primaryType="nt:unstructured"
                                    desc="no ball"
                                    runs="{Long}1"/>
                                <ball_3
                                    jcr:primaryType="nt:unstructured"
                                    desc="no ball"
                                    runs="{Long}1"/>
                                <ball_4
                                    jcr:primaryType="nt:unstructured"
                                    desc="no ball"
                                    runs="{Long}1"/>
                                <ball_5
                                    jcr:primaryType="nt:unstructured"
                                    desc="no ball"
                                    runs="{Long}1"/>
                                <ball_6
                                    jcr:primaryType="nt:unstructured"
                                    desc="no ball"
                                    runs="{Long}1"/>
                            </over_6>
                            <over_7
                                jcr:primaryType="nt:unstructured"
                                bowler_name="Manigandan Krishnakumar">
                                <ball_1
                                    jcr:primaryType="nt:unstructured"
                                    desc="no ball"/>
                                <ball_2
                                    jcr:primaryType="nt:unstructured"
                                    desc="no ball"
                                    runs="{Long}1"/>
                                <ball_3
                                    jcr:primaryType="nt:unstructured"
                                    desc="no ball"
                                    runs="{Long}1"/>
                                <ball_4
                                    jcr:primaryType="nt:unstructured"
                                    desc="no ball"
                                    runs="{Long}1"/>
                                <ball_5
                                    jcr:primaryType="nt:unstructured"
                                    desc="no ball"
                                    runs="{Long}1"/>
                                <ball_6
                                    jcr:primaryType="nt:unstructured"
                                    desc="no ball"
                                    runs="{Long}1"/>
                            </over_7>
                            <over_8
                                jcr:primaryType="nt:unstructured"
                                bowler_name="Manigandan Krishnakumar">
                                <ball_1
                                    jcr:primaryType="nt:unstructured"
                                    desc="no ball"/>
                                <ball_2
                                    jcr:primaryType="nt:unstructured"
                                    desc="no ball"
                                    runs="{Long}1"/>
                                <ball_3
                                    jcr:primaryType="nt:unstructured"
                                    desc="no ball"
                                    runs="{Long}1"/>
                                <ball_4
                                    jcr:primaryType="nt:unstructured"
                                    desc="no ball"
                                    runs="{Long}1"/>
                                <ball_5
                                    jcr:primaryType="nt:unstructured"
                                    desc="no ball"
                                    runs="{Long}1"/>
                                <ball_6
                                    jcr:primaryType="nt:unstructured"
                                    desc="no ball"
                                    runs="{Long}1"/>
                            </over_8>
                            <over_9
                                jcr:primaryType="nt:unstructured"
                                bowler_name="Manigandan Krishnakumar">
                                <ball_1
                                    jcr:primaryType="nt:unstructured"
                                    desc="no ball"/>
                                <ball_2
                                    jcr:primaryType="nt:unstructured"
                                    desc="no ball"
                                    runs="{Long}1"/>
                                <ball_3
                                    jcr:primaryType="nt:unstructured"
                                    desc="no ball"
                                    runs="{Long}1"/>
                                <ball_4
                                    jcr:primaryType="nt:unstructured"
                                    desc="no ball"
                                    runs="{Long}1"/>
                                <ball_5
                                    jcr:primaryType="nt:unstructured"
                                    desc="no ball"
                                    runs="{Long}1"/>
                                <ball_6
                                    jcr:primaryType="nt:unstructured"
                                    desc="no ball"
                                    runs="{Long}1"/>
                            </over_9>
                            <over_10
                                jcr:primaryType="nt:unstructured"
                                bowler_name="Manigandan Krishnakumar">
                                <ball_1
                                    jcr:primaryType="nt:unstructured"
                                    desc="no ball"/>
                                <ball_2
                                    jcr:primaryType="nt:unstructured"
                                    desc="no ball"
                                    runs="{Long}1"/>
                                <ball_3
                                    jcr:primaryType="nt:unstructured"
                                    desc="no ball"
                                    runs="{Long}1"/>
                                <ball_4
                                    jcr:primaryType="nt:unstructured"
                                    desc="no ball"
                                    runs="{Long}1"/>
                                <ball_5
                                    jcr:primaryType="nt:unstructured"
                                    desc="no ball"
                                    runs="{Long}1"/>
                                <ball_6
                                    jcr:primaryType="nt:unstructured"
                                    desc="no ball"
                                    runs="{Long}1"/>
                            </over_10>
                        </overs>
                    </strikers>
                </playing_teams>
                <toss_results
                    jcr:primaryType="nt:unstructured"
                    choose_to="batting"
                    winner="scorchers"/>
                <match_results
                    jcr:primaryType="nt:unstructured"
                    winner="scorchers">
                    <top_two_batsmen jcr:primaryType="nt:unstructured">
                        <_x0031_366
                            jcr:primaryType="nt:unstructured"
                            email_id="manigandan.krishnakumar@siriuscom.com"
                            employee_id="1366"
                            employee_name="Manigandan Krishnakumar"
                            team_id="1"
                            team_name="scorchers"/>
                        <_x0031_361
                            jcr:primaryType="nt:unstructured"
                            email_id="deepak.asaithambi@siriuscom.com"
                            employee_id="1361"
                            employee_name="Deepak Asaithambi"
                            team_id="1"
                            team_name="scorchers"/>
                    </top_two_batsmen>
                    <top_two_bowlers jcr:primaryType="nt:unstructured">
                        <_x0031_366
                            jcr:primaryType="nt:unstructured"
                            email_id="manigandan.krishnakumar@siriuscom.com"
                            employee_id="1366"
                            employee_name="Manigandan Krishnakumar"
                            team_id="1"
                            team_name="scorchers"/>
                        <_x0031_361
                            jcr:primaryType="nt:unstructured"
                            email_id="deepak.asaithambi@siriuscom.com"
                            employee_id="1361"
                            employee_name="Deepak Asaithambi"
                            team_id="1"
                            team_name="scorchers"/>
                    </top_two_bowlers>
                    <man_of_the_match jcr:primaryType="nt:unstructured">
                        <_x0031_366
                            jcr:primaryType="nt:unstructured"
                            email_id="manigandan.krishnakumar@siriuscom.com"
                            employee_id="1366"
                            employee_name="Manigandan Krishnakumar"
                            team_id="1"
                            team_name="scorchers"/>
                    </man_of_the_match>
                </match_results>
            </match_1>
        </match_schema>
        <rules_schema jcr:primaryType="nt:unstructured">
            <_x0032_018 jcr:primaryType="nt:unstructured">
                <match_rules jcr:primaryType="nt:unstructured">
                    <scoring_rules jcr:primaryType="nt:unstructured">
                        <out
                            jcr:primaryType="nt:unstructured"
                            bowled="{Long}-6"
                            catch="{Long}-3"/>
                        <wide
                            jcr:primaryType="nt:unstructured"
                            increment="{Long}2"
                            run="{Long}1"/>
                        <no_ball
                            jcr:primaryType="nt:unstructured"
                            run="{Long}1"/>
                        <dead_ball
                            jcr:primaryType="nt:unstructured"
                            run="{Long}1"/>
                    </scoring_rules>
                    <scoring_rules_in_powerplay jcr:primaryType="nt:unstructured">
                        <out
                            jcr:primaryType="nt:unstructured"
                            bowled="{Long}-6"
                            catch="{Long}-3"/>
                        <wide
                            jcr:primaryType="nt:unstructured"
                            increment="{Long}2"
                            run="{Long}1"/>
                        <no_ball
                            jcr:primaryType="nt:unstructured"
                            run="{Long}1"/>
                        <dead_ball
                            jcr:primaryType="nt:unstructured"
                            run="{Long}1"/>
                    </scoring_rules_in_powerplay>
                </match_rules>
            </_x0032_018>
        </rules_schema>
    </schema>
</jcr:root>
